--
-- Data for Name: dolls; Type: TABLE DATA; Schema: public; Owner: doll_roulette
--

INSERT INTO dolls (id, name, color, is_selected, created_at) VALUES ('05b9bebe-ad22-41a1-aa1c-3230b12620e6', 'ありちゃん', '黄', true, '2026-02-09 12:37:08.869901+00');
INSERT INTO doll_images (id, doll_id, image_url, sort_order) VALUES ('7d061c1f-180f-45a9-adf4-b2ffd5fd2fab', '05b9bebe-ad22-41a1-aa1c-3230b12620e6', '05b9bebe-ad22-41a1-aa1c-3230b12620e6.jpg', '0');
INSERT INTO dolls (id, name, color, is_selected, created_at) VALUES ('aa7489ee-6820-48a1-a11b-8e2bbab990a8', 'めよ', '茶色', true, '2026-02-09 12:12:36.502669+00');
INSERT INTO doll_images (id, doll_id, image_url, sort_order) VALUES ('9702bb3a-dedd-4f38-824f-50620b5bdd5a', 'aa7489ee-6820-48a1-a11b-8e2bbab990a8', 'aa7489ee-6820-48a1-a11b-8e2bbab990a8.jpg', '0');
INSERT INTO dolls (id, name, color, is_selected, created_at) VALUES ('cf4c7788-5847-43f3-ae43-aa06b44b616c', 'だぁこ', '黄', true, '2026-02-09 12:13:20.218213+00');
INSERT INTO doll_images (id, doll_id, image_url, sort_order) VALUES ('508f0551-6d6e-46fb-b1d7-91a48b875522', 'cf4c7788-5847-43f3-ae43-aa06b44b616c', 'cf4c7788-5847-43f3-ae43-aa06b44b616c.jpg', '0');
INSERT INTO dolls (id, name, color, is_selected, created_at) VALUES ('077c3cf6-9093-40da-ba17-50eff82ec3a6', 'はむ', '黒', false, '2026-02-09 12:20:05.900698+00');
INSERT INTO doll_images (id, doll_id, image_url, sort_order) VALUES ('1bb41ab0-e887-425f-a261-42d752f42b32', '077c3cf6-9093-40da-ba17-50eff82ec3a6', '077c3cf6-9093-40da-ba17-50eff82ec3a6.jpg', '0');
INSERT INTO dolls (id, name, color, is_selected, created_at) VALUES ('4d5e6448-42e7-48a0-ac87-94581e423de9', 'おぱんつちゃん', 'ピンク', false, '2026-02-09 12:27:57.982515+00');
INSERT INTO doll_images (id, doll_id, image_url, sort_order) VALUES ('3c706221-748b-4220-bfc0-6b09f81d06aa', '4d5e6448-42e7-48a0-ac87-94581e423de9', '4d5e6448-42e7-48a0-ac87-94581e423de9.jpg', '0');
INSERT INTO dolls (id, name, color, is_selected, created_at) VALUES ('48a33958-1b0a-43ed-a8ff-fb19c0a38f95', 'おりちゃん', 'ピンク', true, '2026-02-09 12:22:10.755731+00');
INSERT INTO doll_images (id, doll_id, image_url, sort_order) VALUES ('aea12122-18ad-4fe2-a67c-e793fdd5ab4b', '48a33958-1b0a-43ed-a8ff-fb19c0a38f95', '48a33958-1b0a-43ed-a8ff-fb19c0a38f95.jpg', '0');
INSERT INTO dolls (id, name, color, is_selected, created_at) VALUES ('4f819218-ce8f-49ac-bd47-ed9ca85a035b', 'らぅちゃん', '白', true, '2026-02-09 12:02:45.971882+00');
INSERT INTO doll_images (id, doll_id, image_url, sort_order) VALUES ('c9620f9a-eba3-4518-8255-d93e2b657d12', '4f819218-ce8f-49ac-bd47-ed9ca85a035b', '4f819218-ce8f-49ac-bd47-ed9ca85a035b.jpg', '0');
INSERT INTO dolls (id, name, color, is_selected, created_at) VALUES ('72de9206-13ca-45ac-93ae-751dba168cb1', 'ぬこたま', '緑', true, '2026-02-09 12:21:22.880004+00');
INSERT INTO doll_images (id, doll_id, image_url, sort_order) VALUES ('9915244f-412f-4379-b086-c577994a0bcc', '72de9206-13ca-45ac-93ae-751dba168cb1', '72de9206-13ca-45ac-93ae-751dba168cb1.jpg', '0');
INSERT INTO dolls (id, name, color, is_selected, created_at) VALUES ('1135f5e2-ccc6-4ad6-b02e-ebbd74badaae', 'ぽたー', '青', true, '2026-02-09 12:25:45.423446+00');
INSERT INTO doll_images (id, doll_id, image_url, sort_order) VALUES ('26e78359-9118-4965-b6bc-36da0551dc79', '1135f5e2-ccc6-4ad6-b02e-ebbd74badaae', '1135f5e2-ccc6-4ad6-b02e-ebbd74badaae.jpg', '0');
INSERT INTO dolls (id, name, color, is_selected, created_at) VALUES ('339d3fbf-e66c-424f-8efc-5b0f07dd4e86', 'ぱぴ', '黄', true, '2026-02-09 12:19:07.140796+00');
INSERT INTO doll_images (id, doll_id, image_url, sort_order) VALUES ('7217f539-98ed-4a57-b599-06e613fa9bb1', '339d3fbf-e66c-424f-8efc-5b0f07dd4e86', '339d3fbf-e66c-424f-8efc-5b0f07dd4e86.jpg', '0');
INSERT INTO dolls (id, name, color, is_selected, created_at) VALUES ('14bd360a-0764-4c42-908c-b1b5c6651371', 'はみ', 'ピンク', true, '2026-02-09 12:17:23.914407+00');
INSERT INTO doll_images (id, doll_id, image_url, sort_order) VALUES ('e2d59f30-506f-45c4-8e46-79e44bbe8468', '14bd360a-0764-4c42-908c-b1b5c6651371', '14bd360a-0764-4c42-908c-b1b5c6651371.jpg', '0');
INSERT INTO dolls (id, name, color, is_selected, created_at) VALUES ('8be6a404-22d2-4b16-af43-bb964fa13735', 'うさぴー', '黄', true, '2026-02-09 12:23:47.283368+00');
INSERT INTO doll_images (id, doll_id, image_url, sort_order) VALUES ('a3a77c6e-0692-4307-b040-c2609517d9a6', '8be6a404-22d2-4b16-af43-bb964fa13735', '8be6a404-22d2-4b16-af43-bb964fa13735.jpg', '0');
INSERT INTO dolls (id, name, color, is_selected, created_at) VALUES ('e1072333-c648-4ebe-a6b4-2f03c3dc3ecc', 'ぷーまる', '白', true, '2026-02-09 12:09:53.763785+00');
INSERT INTO doll_images (id, doll_id, image_url, sort_order) VALUES ('ea90c8d8-db71-4eec-9995-f4f3bcf6ead2', 'e1072333-c648-4ebe-a6b4-2f03c3dc3ecc', 'e1072333-c648-4ebe-a6b4-2f03c3dc3ecc.jpg', '0');
INSERT INTO dolls (id, name, color, is_selected, created_at) VALUES ('4e65ddf7-d0ed-4714-a4ae-5bf52357518a', 'ちーず', '紫', true, '2026-02-09 12:05:25.679273+00');
INSERT INTO doll_images (id, doll_id, image_url, sort_order) VALUES ('ded716f1-0c38-48c5-bc52-4f4d384401c9', '4e65ddf7-d0ed-4714-a4ae-5bf52357518a', '4e65ddf7-d0ed-4714-a4ae-5bf52357518a.jpg', '0');
INSERT INTO dolls (id, name, color, is_selected, created_at) VALUES ('e0e30efc-4c66-4953-acfd-5bf1e17dda71', 'ぽて', 'グレー', true, '2026-02-09 12:26:26.168063+00');
INSERT INTO doll_images (id, doll_id, image_url, sort_order) VALUES ('09693bfd-45bf-4d6c-a213-9f451af530e9', 'e0e30efc-4c66-4953-acfd-5bf1e17dda71', 'e0e30efc-4c66-4953-acfd-5bf1e17dda71.jpg', '0');
INSERT INTO dolls (id, name, color, is_selected, created_at) VALUES ('25830d5d-7bf6-42c6-9a02-8aee82f48afa', 'みるちゃそ', 'ピンク', true, '2026-02-09 12:03:25.519379+00');
INSERT INTO doll_images (id, doll_id, image_url, sort_order) VALUES ('4f3127fc-428e-47c3-9d78-77e6dbfa85b7', '25830d5d-7bf6-42c6-9a02-8aee82f48afa', '25830d5d-7bf6-42c6-9a02-8aee82f48afa.jpg', '0');
INSERT INTO dolls (id, name, color, is_selected, created_at) VALUES ('a1a4670f-8d87-416f-8535-0ce92aaea23f', 'ぜにちゃん', '青', true, '2026-02-09 12:34:05.471103+00');
INSERT INTO doll_images (id, doll_id, image_url, sort_order) VALUES ('957d6c05-4425-4649-9810-bf267a17a9cf', 'a1a4670f-8d87-416f-8535-0ce92aaea23f', 'a1a4670f-8d87-416f-8535-0ce92aaea23f.jpg', '0');
INSERT INTO dolls (id, name, color, is_selected, created_at) VALUES ('66e2dbfd-062e-43a3-bd51-b9655e0c1a0e', 'もるちゃん', '黄', true, '2026-02-09 12:07:40.838827+00');
INSERT INTO doll_images (id, doll_id, image_url, sort_order) VALUES ('294f0b22-bbd9-44ae-bab1-570524c15cd1', '66e2dbfd-062e-43a3-bd51-b9655e0c1a0e', '66e2dbfd-062e-43a3-bd51-b9655e0c1a0e.jpeg', '0');
INSERT INTO dolls (id, name, color, is_selected, created_at) VALUES ('f60d7bb5-c95a-4230-9b11-9ab94f0f79f6', 'なうちゃん', '青', true, '2026-02-09 12:15:05.725783+00');
INSERT INTO doll_images (id, doll_id, image_url, sort_order) VALUES ('939e09a9-20e0-4f8b-9a1f-fdbe7f6f5a95', 'f60d7bb5-c95a-4230-9b11-9ab94f0f79f6', 'f60d7bb5-c95a-4230-9b11-9ab94f0f79f6.jpg', '0');
INSERT INTO dolls (id, name, color, is_selected, created_at) VALUES ('072c31cd-e2f0-434f-801a-ae934fea7280', 'ふぅちゃん', '茶色', true, '2026-02-09 12:32:20.532115+00');
INSERT INTO doll_images (id, doll_id, image_url, sort_order) VALUES ('6612beda-9da0-4cb8-86a0-de6a61e434fc', '072c31cd-e2f0-434f-801a-ae934fea7280', '072c31cd-e2f0-434f-801a-ae934fea7280.jpg', '0');
INSERT INTO dolls (id, name, color, is_selected, created_at) VALUES ('f38f6864-3e99-44fb-bc53-c78f829d98e7', 'かっぴー先生', '黒', true, '2026-02-09 12:30:43.071597+00');
INSERT INTO doll_images (id, doll_id, image_url, sort_order) VALUES ('ca1183a4-e09e-40d2-ae2b-913bcdd0dcae', 'f38f6864-3e99-44fb-bc53-c78f829d98e7', 'f38f6864-3e99-44fb-bc53-c78f829d98e7.jpg', '0');
INSERT INTO dolls (id, name, color, is_selected, created_at) VALUES ('a149f34b-3025-48aa-b7cb-d9357cb3ff7f', 'ひそちゃん', '緑', true, '2026-02-09 12:15:55.700763+00');
INSERT INTO doll_images (id, doll_id, image_url, sort_order) VALUES ('db302307-e4d5-45dd-b450-2c80dfb5ceb5', 'a149f34b-3025-48aa-b7cb-d9357cb3ff7f', 'a149f34b-3025-48aa-b7cb-d9357cb3ff7f.jpg', '0');
INSERT INTO dolls (id, name, color, is_selected, created_at) VALUES ('dcd2b281-8dc4-4a97-ba3d-fd94c0f4774d', 'もぅちゃん', '緑', true, '2026-02-09 12:28:54.119221+00');
INSERT INTO doll_images (id, doll_id, image_url, sort_order) VALUES ('5e13276f-7e66-4b53-8171-b2457e66549a', 'dcd2b281-8dc4-4a97-ba3d-fd94c0f4774d', 'dcd2b281-8dc4-4a97-ba3d-fd94c0f4774d.jpg', '0');
INSERT INTO dolls (id, name, color, is_selected, created_at) VALUES ('36ca1a71-15b4-49f9-9d43-ee47543a781e', 'こーん', '白', true, '2026-02-09 12:11:22.397788+00');
INSERT INTO doll_images (id, doll_id, image_url, sort_order) VALUES ('3d1466f7-130e-4881-8859-39ba26f85179', '36ca1a71-15b4-49f9-9d43-ee47543a781e', '36ca1a71-15b4-49f9-9d43-ee47543a781e.jpg', '0');
INSERT INTO dolls (id, name, color, is_selected, created_at) VALUES ('7cadde2f-aa81-456e-a144-d3ce78eceae1', 'ぷよん', '青', true, '2026-02-09 12:04:22.49622+00');
INSERT INTO doll_images (id, doll_id, image_url, sort_order) VALUES ('8fd8c1af-62e1-4c0d-8329-c14f506316b4', '7cadde2f-aa81-456e-a144-d3ce78eceae1', '7cadde2f-aa81-456e-a144-d3ce78eceae1.jpg', '0');


--
-- Data for Name: doll_images; Type: TABLE DATA; Schema: public; Owner: doll_roulette
--

INSERT INTO public.doll_images (id, doll_id, image_url, sort_order, created_at) VALUES ('68dbd811-4dcf-4958-ab96-a024a18c63d6', 'cf4c7788-5847-43f3-ae43-aa06b44b616c', 'doll-cf4c7788-5847-43f3-ae43-aa06b44b616c-ff0a6f26.jpg', 0, '2026-02-12 11:42:36.980852+00');
INSERT INTO public.doll_images (id, doll_id, image_url, sort_order, created_at) VALUES ('c94e3862-f559-4902-868c-4ae4514b5ccc', '05b9bebe-ad22-41a1-aa1c-3230b12620e6', 'doll-05b9bebe-ad22-41a1-aa1c-3230b12620e6-9adf9a83.jpg', 0, '2026-02-14 14:56:55.50641+00');
INSERT INTO public.doll_images (id, doll_id, image_url, sort_order, created_at) VALUES ('d358b2f7-6c17-43f3-9d51-d88c956e1ff4', '05b9bebe-ad22-41a1-aa1c-3230b12620e6', 'doll-05b9bebe-ad22-41a1-aa1c-3230b12620e6-a672e51d.jpg', 0, '2026-02-14 14:59:12.406882+00');
INSERT INTO public.doll_images (id, doll_id, image_url, sort_order, created_at) VALUES ('20710021-3cba-47fd-9509-b4fdf55ee194', '05b9bebe-ad22-41a1-aa1c-3230b12620e6', 'doll-05b9bebe-ad22-41a1-aa1c-3230b12620e6-27ab5de6.jpg', 1, '2026-02-14 14:59:12.412579+00');
INSERT INTO public.doll_images (id, doll_id, image_url, sort_order, created_at) VALUES ('7b3c14e1-a9cb-4e56-95b9-ee26a5696317', '05b9bebe-ad22-41a1-aa1c-3230b12620e6', 'doll-05b9bebe-ad22-41a1-aa1c-3230b12620e6-9743a309.jpg', 2, '2026-02-14 14:59:12.415058+00');
INSERT INTO public.doll_images (id, doll_id, image_url, sort_order, created_at) VALUES ('bbebf101-61b9-4d31-b944-e01f6d921ddc', '05b9bebe-ad22-41a1-aa1c-3230b12620e6', 'doll-05b9bebe-ad22-41a1-aa1c-3230b12620e6-f42f0e3e.jpg', 3, '2026-02-14 14:59:12.418888+00');
INSERT INTO public.doll_images (id, doll_id, image_url, sort_order, created_at) VALUES ('acc3dcc1-9479-4dc1-bbba-173352bc2822', '05b9bebe-ad22-41a1-aa1c-3230b12620e6', 'doll-05b9bebe-ad22-41a1-aa1c-3230b12620e6-8298a87d.jpg', 4, '2026-02-14 14:59:12.425331+00');
INSERT INTO public.doll_images (id, doll_id, image_url, sort_order, created_at) VALUES ('94217f9b-771b-4728-9dd2-e9f1d3de8013', '05b9bebe-ad22-41a1-aa1c-3230b12620e6', 'doll-05b9bebe-ad22-41a1-aa1c-3230b12620e6-053b13c4.jpg', 5, '2026-02-14 14:59:12.428035+00');
INSERT INTO public.doll_images (id, doll_id, image_url, sort_order, created_at) VALUES ('b3d9b649-6bea-45d4-b0c5-2cace1b9881a', '05b9bebe-ad22-41a1-aa1c-3230b12620e6', 'doll-05b9bebe-ad22-41a1-aa1c-3230b12620e6-ed9b7d5d.jpg', 6, '2026-02-14 14:59:12.429985+00');
INSERT INTO public.doll_images (id, doll_id, image_url, sort_order, created_at) VALUES ('ce9efe23-974e-4c95-88d2-8d3030005778', '25830d5d-7bf6-42c6-9a02-8aee82f48afa', 'doll-25830d5d-7bf6-42c6-9a02-8aee82f48afa-ab2dbafb.jpg', 0, '2026-02-14 15:01:39.372765+00');
INSERT INTO public.doll_images (id, doll_id, image_url, sort_order, created_at) VALUES ('33af2438-ec24-40a2-a0f7-6737cccb78ae', '25830d5d-7bf6-42c6-9a02-8aee82f48afa', 'doll-25830d5d-7bf6-42c6-9a02-8aee82f48afa-e094dfca.jpg', 1, '2026-02-14 15:01:39.381203+00');
INSERT INTO public.doll_images (id, doll_id, image_url, sort_order, created_at) VALUES ('924b946d-1608-4a44-a232-d2e8b4242ae0', '25830d5d-7bf6-42c6-9a02-8aee82f48afa', 'doll-25830d5d-7bf6-42c6-9a02-8aee82f48afa-a443f081.jpg', 2, '2026-02-14 15:01:39.38359+00');
INSERT INTO public.doll_images (id, doll_id, image_url, sort_order, created_at) VALUES ('30052256-c907-4f32-a739-f70e4da567d6', '4f819218-ce8f-49ac-bd47-ed9ca85a035b', 'doll-4f819218-ce8f-49ac-bd47-ed9ca85a035b-69482bb1.jpg', 0, '2026-02-17 12:33:55.979869+00');
INSERT INTO public.doll_images (id, doll_id, image_url, sort_order, created_at) VALUES ('ba2f49ad-84ca-4fd2-b332-54f4e669fc37', '4f819218-ce8f-49ac-bd47-ed9ca85a035b', 'doll-4f819218-ce8f-49ac-bd47-ed9ca85a035b-0d8739a2.jpg', 1, '2026-02-17 12:33:55.992755+00');
INSERT INTO public.doll_images (id, doll_id, image_url, sort_order, created_at) VALUES ('e1c5ff8f-cc00-4050-afed-800d362f197d', '4f819218-ce8f-49ac-bd47-ed9ca85a035b', 'doll-4f819218-ce8f-49ac-bd47-ed9ca85a035b-f989f3ed.jpg', 2, '2026-02-17 12:33:55.994968+00');
INSERT INTO public.doll_images (id, doll_id, image_url, sort_order, created_at) VALUES ('c6cdff55-9932-4471-8641-692482b38044', '72de9206-13ca-45ac-93ae-751dba168cb1', 'doll-72de9206-13ca-45ac-93ae-751dba168cb1-50fe729a.jpg', 0, '2026-02-17 12:35:05.288495+00');
INSERT INTO public.doll_images (id, doll_id, image_url, sort_order, created_at) VALUES ('fb2ace2f-4083-409d-9f11-81d63c8c8772', '72de9206-13ca-45ac-93ae-751dba168cb1', 'doll-72de9206-13ca-45ac-93ae-751dba168cb1-75632f72.jpg', 1, '2026-02-17 12:35:05.295098+00');
INSERT INTO public.doll_images (id, doll_id, image_url, sort_order, created_at) VALUES ('6c78b495-e473-4610-87bf-cc46e2dca122', '72de9206-13ca-45ac-93ae-751dba168cb1', 'doll-72de9206-13ca-45ac-93ae-751dba168cb1-bdb7b696.jpg', 2, '2026-02-17 12:35:05.297148+00');
INSERT INTO public.doll_images (id, doll_id, image_url, sort_order, created_at) VALUES ('72aeb661-a4d9-4426-857a-4f65d20d6185', '72de9206-13ca-45ac-93ae-751dba168cb1', 'doll-72de9206-13ca-45ac-93ae-751dba168cb1-28d3374d.jpg', 3, '2026-02-17 12:35:05.299365+00');
INSERT INTO public.doll_images (id, doll_id, image_url, sort_order, created_at) VALUES ('8d8f6156-9d99-470e-a655-99eb40b33c87', '1135f5e2-ccc6-4ad6-b02e-ebbd74badaae', 'doll-1135f5e2-ccc6-4ad6-b02e-ebbd74badaae-f102dfd2.jpg', 0, '2026-02-17 12:36:08.967491+00');
INSERT INTO public.doll_images (id, doll_id, image_url, sort_order, created_at) VALUES ('aaed5947-acfc-41ed-b729-59e19fd76f65', '1135f5e2-ccc6-4ad6-b02e-ebbd74badaae', 'doll-1135f5e2-ccc6-4ad6-b02e-ebbd74badaae-ef0288c5.jpg', 1, '2026-02-17 12:36:08.972906+00');
INSERT INTO public.doll_images (id, doll_id, image_url, sort_order, created_at) VALUES ('759f2865-0b87-4704-9321-63afa1d5ea18', '1135f5e2-ccc6-4ad6-b02e-ebbd74badaae', 'doll-1135f5e2-ccc6-4ad6-b02e-ebbd74badaae-ae8fbd79.jpg', 2, '2026-02-17 12:36:08.975069+00');
INSERT INTO public.doll_images (id, doll_id, image_url, sort_order, created_at) VALUES ('ae5fbafb-5f6e-41aa-8f49-383299f81db8', 'dcd2b281-8dc4-4a97-ba3d-fd94c0f4774d', 'doll-dcd2b281-8dc4-4a97-ba3d-fd94c0f4774d-28d2a4fb.jpg', 0, '2026-02-19 03:31:27.346032+00');
INSERT INTO public.doll_images (id, doll_id, image_url, sort_order, created_at) VALUES ('249790fb-aa49-418f-b037-413061d532e2', 'dcd2b281-8dc4-4a97-ba3d-fd94c0f4774d', 'doll-dcd2b281-8dc4-4a97-ba3d-fd94c0f4774d-2f761202.jpg', 1, '2026-02-19 03:31:27.356119+00');
INSERT INTO public.doll_images (id, doll_id, image_url, sort_order, created_at) VALUES ('e250fe2a-e3a2-4756-8aa0-d4f4a0c82036', 'dcd2b281-8dc4-4a97-ba3d-fd94c0f4774d', 'doll-dcd2b281-8dc4-4a97-ba3d-fd94c0f4774d-a8d1d5fd.jpg', 2, '2026-02-19 03:31:27.358348+00');
INSERT INTO public.doll_images (id, doll_id, image_url, sort_order, created_at) VALUES ('7c1fe7bd-661a-4e85-8e1c-41813c0c33fd', 'dcd2b281-8dc4-4a97-ba3d-fd94c0f4774d', 'doll-dcd2b281-8dc4-4a97-ba3d-fd94c0f4774d-d7adb5c2.jpg', 3, '2026-02-19 03:31:27.360921+00');
INSERT INTO public.doll_images (id, doll_id, image_url, sort_order, created_at) VALUES ('dde1bf45-a334-4e8a-a766-ebeca23d25e6', '339d3fbf-e66c-424f-8efc-5b0f07dd4e86', 'doll-339d3fbf-e66c-424f-8efc-5b0f07dd4e86-4b21b4be.jpeg', 0, '2026-02-19 03:33:08.866139+00');
INSERT INTO public.doll_images (id, doll_id, image_url, sort_order, created_at) VALUES ('870acfc2-2a84-4fba-8178-74db7c8cef36', '339d3fbf-e66c-424f-8efc-5b0f07dd4e86', 'doll-339d3fbf-e66c-424f-8efc-5b0f07dd4e86-59ff81c0.jpeg', 1, '2026-02-19 03:33:08.871292+00');
INSERT INTO public.doll_images (id, doll_id, image_url, sort_order, created_at) VALUES ('9791f4a4-053e-4fde-94d0-92836a23431d', '339d3fbf-e66c-424f-8efc-5b0f07dd4e86', 'doll-339d3fbf-e66c-424f-8efc-5b0f07dd4e86-3d0110d5.jpeg', 2, '2026-02-19 03:33:08.874378+00');
INSERT INTO public.doll_images (id, doll_id, image_url, sort_order, created_at) VALUES ('cb885364-6722-418f-b7e1-b1e144d2f1cc', '339d3fbf-e66c-424f-8efc-5b0f07dd4e86', 'doll-339d3fbf-e66c-424f-8efc-5b0f07dd4e86-d0b9bcac.jpeg', 3, '2026-02-19 03:33:08.876409+00');
INSERT INTO public.doll_images (id, doll_id, image_url, sort_order, created_at) VALUES ('031a377e-4114-413c-a097-41083ac19594', 'f60d7bb5-c95a-4230-9b11-9ab94f0f79f6', 'doll-f60d7bb5-c95a-4230-9b11-9ab94f0f79f6-c0f55ea9.jpg', 0, '2026-02-26 13:07:27.965274+00');
INSERT INTO public.doll_images (id, doll_id, image_url, sort_order, created_at) VALUES ('de2cb5a4-ecb1-47af-bc32-a9a23f05bddb', 'e0e30efc-4c66-4953-acfd-5bf1e17dda71', 'doll-e0e30efc-4c66-4953-acfd-5bf1e17dda71-f58080cb.jpg', 0, '2026-02-26 13:11:52.746246+00');
INSERT INTO public.doll_images (id, doll_id, image_url, sort_order, created_at) VALUES ('80d6bda3-7ab7-47a9-99c0-3e5e7d1aaf69', 'e0e30efc-4c66-4953-acfd-5bf1e17dda71', 'doll-e0e30efc-4c66-4953-acfd-5bf1e17dda71-418a22a5.jpg', 1, '2026-02-26 13:11:52.751592+00');
INSERT INTO public.doll_images (id, doll_id, image_url, sort_order, created_at) VALUES ('362f8ef0-2cbf-4935-a28b-103b5e7f204a', '66e2dbfd-062e-43a3-bd51-b9655e0c1a0e', 'doll-66e2dbfd-062e-43a3-bd51-b9655e0c1a0e-2798d3cb.jpg', 0, '2026-03-06 13:46:21.201926+00');
INSERT INTO public.doll_images (id, doll_id, image_url, sort_order, created_at) VALUES ('f4f56ed5-e4d7-40ad-a55e-1a58b31f6323', 'f60d7bb5-c95a-4230-9b11-9ab94f0f79f6', 'doll-f60d7bb5-c95a-4230-9b11-9ab94f0f79f6-95731bd2.jpg', 0, '2026-03-06 13:47:25.149988+00');
INSERT INTO public.doll_images (id, doll_id, image_url, sort_order, created_at) VALUES ('4c60c640-d201-4482-8b4f-b0067a1dd500', '072c31cd-e2f0-434f-801a-ae934fea7280', 'doll-072c31cd-e2f0-434f-801a-ae934fea7280-7fded4aa.jpg', 0, '2026-03-06 13:47:47.69178+00');
INSERT INTO public.doll_images (id, doll_id, image_url, sort_order, created_at) VALUES ('e1e29cb5-5723-4800-84ae-2762fef9f4cc', '072c31cd-e2f0-434f-801a-ae934fea7280', 'doll-072c31cd-e2f0-434f-801a-ae934fea7280-8ed76f4e.jpg', 1, '2026-03-06 13:47:47.696943+00');
INSERT INTO public.doll_images (id, doll_id, image_url, sort_order, created_at) VALUES ('c49fe4b1-81f6-417a-8b47-da1d9bfc3964', 'f38f6864-3e99-44fb-bc53-c78f829d98e7', 'doll-f38f6864-3e99-44fb-bc53-c78f829d98e7-7ebaea53.jpg', 0, '2026-03-06 13:48:45.109788+00');


--
-- Data for Name: histories; Type: TABLE DATA; Schema: public; Owner: doll_roulette
--

INSERT INTO public.histories (id, doll_id, selected_at, doll_image_url) VALUES ('2c479cb4-9c88-4689-80fe-44d948a6ba45', '48a33958-1b0a-43ed-a8ff-fb19c0a38f95', '2026-02-10 10:43:22.068006+00', NULL);
INSERT INTO public.histories (id, doll_id, selected_at, doll_image_url) VALUES ('6c49ace3-fbcb-4247-a4ed-95a873af0ea4', 'cf4c7788-5847-43f3-ae43-aa06b44b616c', '2026-02-11 10:08:28.194061+00', NULL);
INSERT INTO public.histories (id, doll_id, selected_at, doll_image_url) VALUES ('80e9abe2-f6cf-4ad5-89b4-b204dbdfd8a8', '05b9bebe-ad22-41a1-aa1c-3230b12620e6', '2026-02-13 11:29:58.208242+00', '05b9bebe-ad22-41a1-aa1c-3230b12620e6.jpg');
INSERT INTO public.histories (id, doll_id, selected_at, doll_image_url) VALUES ('eacd4793-be61-4645-9925-20b90325e6dd', '1135f5e2-ccc6-4ad6-b02e-ebbd74badaae', '2026-02-15 06:05:51.239196+00', '1135f5e2-ccc6-4ad6-b02e-ebbd74badaae.jpg');
INSERT INTO public.histories (id, doll_id, selected_at, doll_image_url) VALUES ('68266e5d-c463-4968-9759-260e75bc223f', '72de9206-13ca-45ac-93ae-751dba168cb1', '2026-02-16 10:29:53.539832+00', '72de9206-13ca-45ac-93ae-751dba168cb1.jpg');
INSERT INTO public.histories (id, doll_id, selected_at, doll_image_url) VALUES ('d900a365-1970-4eb0-91bc-0f77e423651b', '4f819218-ce8f-49ac-bd47-ed9ca85a035b', '2026-02-17 10:41:56.277082+00', '4f819218-ce8f-49ac-bd47-ed9ca85a035b.jpg');
INSERT INTO public.histories (id, doll_id, selected_at, doll_image_url) VALUES ('8f19bb49-f615-41b8-b2b8-83b6e7dcd256', '339d3fbf-e66c-424f-8efc-5b0f07dd4e86', '2026-02-18 11:10:19.763128+00', '339d3fbf-e66c-424f-8efc-5b0f07dd4e86.jpg');
INSERT INTO public.histories (id, doll_id, selected_at, doll_image_url) VALUES ('bdbbd0bc-188b-434b-9ea4-5cf6a6d9f22b', '14bd360a-0764-4c42-908c-b1b5c6651371', '2026-02-20 12:27:03.796785+00', '14bd360a-0764-4c42-908c-b1b5c6651371.jpg');
INSERT INTO public.histories (id, doll_id, selected_at, doll_image_url) VALUES ('013946c7-f23b-42d4-9a17-3b48fb5919c7', 'e0e30efc-4c66-4953-acfd-5bf1e17dda71', '2026-02-21 11:34:11.356532+00', 'e0e30efc-4c66-4953-acfd-5bf1e17dda71.jpg');
INSERT INTO public.histories (id, doll_id, selected_at, doll_image_url) VALUES ('e1ed677e-cafe-4b83-b938-b5e7e2ea252c', '8be6a404-22d2-4b16-af43-bb964fa13735', '2026-02-22 10:28:51.555871+00', '8be6a404-22d2-4b16-af43-bb964fa13735.jpg');
INSERT INTO public.histories (id, doll_id, selected_at, doll_image_url) VALUES ('fdb096ff-3e3c-4c5d-874f-82db34daf41b', 'e1072333-c648-4ebe-a6b4-2f03c3dc3ecc', '2026-02-23 04:45:45.31737+00', 'e1072333-c648-4ebe-a6b4-2f03c3dc3ecc.jpg');
INSERT INTO public.histories (id, doll_id, selected_at, doll_image_url) VALUES ('bd771027-b591-4f7d-b2ac-753f14505e3a', 'aa7489ee-6820-48a1-a11b-8e2bbab990a8', '2026-02-24 12:08:50.396183+00', 'aa7489ee-6820-48a1-a11b-8e2bbab990a8.jpg');
INSERT INTO public.histories (id, doll_id, selected_at, doll_image_url) VALUES ('f86a1e29-0bb6-4aad-8b47-14340e053e3e', '4e65ddf7-d0ed-4714-a4ae-5bf52357518a', '2026-02-25 10:49:23.676845+00', '4e65ddf7-d0ed-4714-a4ae-5bf52357518a.jpg');
INSERT INTO public.histories (id, doll_id, selected_at, doll_image_url) VALUES ('2d69588b-df50-49d0-8b01-e827bf60de88', 'f60d7bb5-c95a-4230-9b11-9ab94f0f79f6', '2026-02-26 10:53:43.428097+00', 'f60d7bb5-c95a-4230-9b11-9ab94f0f79f6.jpg');
INSERT INTO public.histories (id, doll_id, selected_at, doll_image_url) VALUES ('1ec6d1d4-0627-48e5-990d-549fcb4a8384', '25830d5d-7bf6-42c6-9a02-8aee82f48afa', '2026-03-02 10:28:28.050455+00', 'doll-25830d5d-7bf6-42c6-9a02-8aee82f48afa-a443f081.jpg');
INSERT INTO public.histories (id, doll_id, selected_at, doll_image_url) VALUES ('97f87208-93cc-4cd8-b284-78d42b3b3d9b', 'a1a4670f-8d87-416f-8535-0ce92aaea23f', '2026-03-02 10:28:47.234783+00', 'a1a4670f-8d87-416f-8535-0ce92aaea23f.jpg');
INSERT INTO public.histories (id, doll_id, selected_at, doll_image_url) VALUES ('30d80551-20ce-4b6b-8c4c-16b08f49229b', '072c31cd-e2f0-434f-801a-ae934fea7280', '2026-03-03 10:46:14.612857+00', '072c31cd-e2f0-434f-801a-ae934fea7280.jpg');
INSERT INTO public.histories (id, doll_id, selected_at, doll_image_url) VALUES ('d599bce7-467f-46dc-8399-70efcfa35bef', 'f38f6864-3e99-44fb-bc53-c78f829d98e7', '2026-03-04 10:43:39.723513+00', 'f38f6864-3e99-44fb-bc53-c78f829d98e7.jpg');
INSERT INTO public.histories (id, doll_id, selected_at, doll_image_url) VALUES ('d42a54fe-c5ac-42fe-a583-1f51d09a5ffe', '66e2dbfd-062e-43a3-bd51-b9655e0c1a0e', '2026-03-05 09:57:35.44438+00', '66e2dbfd-062e-43a3-bd51-b9655e0c1a0e.jpeg');
INSERT INTO public.histories (id, doll_id, selected_at, doll_image_url) VALUES ('4f90cb99-8ab6-4ebf-a83a-b0c3d0f5f5e1', 'a149f34b-3025-48aa-b7cb-d9357cb3ff7f', '2026-03-07 08:31:27.905374+00', 'a149f34b-3025-48aa-b7cb-d9357cb3ff7f.jpg');
INSERT INTO public.histories (id, doll_id, selected_at, doll_image_url) VALUES ('507f81b2-6359-4b4c-8830-ce73ed9b10ad', 'dcd2b281-8dc4-4a97-ba3d-fd94c0f4774d', '2026-03-08 06:09:08.136659+00', 'doll-dcd2b281-8dc4-4a97-ba3d-fd94c0f4774d-d7adb5c2.jpg');
INSERT INTO public.histories (id, doll_id, selected_at, doll_image_url) VALUES ('fe9550d6-8927-409a-a38c-c9d5f0974439', '36ca1a71-15b4-49f9-9d43-ee47543a781e', '2026-03-08 06:09:21.708672+00', '36ca1a71-15b4-49f9-9d43-ee47543a781e.jpg');
INSERT INTO public.histories (id, doll_id, selected_at, doll_image_url) VALUES ('3c706cd1-d544-4fa0-b08c-b902646fb339', '7cadde2f-aa81-456e-a144-d3ce78eceae1', '2026-03-09 10:34:26.194576+00', '7cadde2f-aa81-456e-a144-d3ce78eceae1.jpg');


--
-- Data for Name: outings; Type: TABLE DATA; Schema: public; Owner: doll_roulette
--

INSERT INTO outings (id, place, outing_date, comment, created_at) VALUES ('d4762bc4-a527-45a7-84b1-88d9cd950ae8', 'いつもの日常', '2026-02-12 00:00:00+00', '特別ボーナス2日目', '2026-02-12 11:39:55.980778+00');
INSERT INTO outings (id, place, outing_date, comment, created_at) VALUES ('72e2dd29-1236-45ff-a54a-42423dbd5927', '近代美術館', '2026-02-11 00:00:00+00', 'タコス、ビビンバ', '2026-02-12 04:42:28.294763+00');
INSERT INTO outings (id, place, outing_date, comment, created_at) VALUES ('edb60ce8-8885-45bd-b087-66f1352bd279', 'バレンタインデー', '2026-02-14 00:00:00+00', '中華、水族館、ハンバーグ', '2026-02-14 14:44:18.747637+00');
INSERT INTO outings (id, place, outing_date, comment, created_at) VALUES ('baf64c87-ae8e-4981-b048-d64cf4f9b969', 'ぱーちー', '2026-02-22 00:00:00+00', 'コンビニぱーちー、カツオ', '2026-02-26 13:10:27.56298+00');


--
-- Data for Name: outing_dolls; Type: TABLE DATA; Schema: public; Owner: doll_roulette
--

INSERT INTO public.outing_dolls (outing_id, doll_id) VALUES ('d4762bc4-a527-45a7-84b1-88d9cd950ae8', 'cf4c7788-5847-43f3-ae43-aa06b44b616c');
INSERT INTO public.outing_dolls (outing_id, doll_id) VALUES ('d4762bc4-a527-45a7-84b1-88d9cd950ae8', '48a33958-1b0a-43ed-a8ff-fb19c0a38f95');
INSERT INTO public.outing_dolls (outing_id, doll_id) VALUES ('72e2dd29-1236-45ff-a54a-42423dbd5927', '25830d5d-7bf6-42c6-9a02-8aee82f48afa');
INSERT INTO public.outing_dolls (outing_id, doll_id) VALUES ('edb60ce8-8885-45bd-b087-66f1352bd279', '05b9bebe-ad22-41a1-aa1c-3230b12620e6');
INSERT INTO public.outing_dolls (outing_id, doll_id) VALUES ('baf64c87-ae8e-4981-b048-d64cf4f9b969', 'e0e30efc-4c66-4953-acfd-5bf1e17dda71');
INSERT INTO public.outing_dolls (outing_id, doll_id) VALUES ('baf64c87-ae8e-4981-b048-d64cf4f9b969', '8be6a404-22d2-4b16-af43-bb964fa13735');
INSERT INTO public.outing_dolls (outing_id, doll_id) VALUES ('baf64c87-ae8e-4981-b048-d64cf4f9b969', '14bd360a-0764-4c42-908c-b1b5c6651371');
INSERT INTO public.outing_dolls (outing_id, doll_id) VALUES ('baf64c87-ae8e-4981-b048-d64cf4f9b969', '339d3fbf-e66c-424f-8efc-5b0f07dd4e86');


--
-- Data for Name: outing_images; Type: TABLE DATA; Schema: public; Owner: doll_roulette
--

INSERT INTO public.outing_images (id, outing_id, image_url, sort_order, created_at) VALUES ('80f7f2a2-a0cf-45eb-8963-7a2dc6fc0978', '72e2dd29-1236-45ff-a54a-42423dbd5927', 'outing-72e2dd29-1236-45ff-a54a-42423dbd5927-cf8167b7.jpg', 0, '2026-02-12 04:42:31.038238+00');
INSERT INTO public.outing_images (id, outing_id, image_url, sort_order, created_at) VALUES ('3337c530-799b-49b5-ad9b-cf93ce252ea5', '72e2dd29-1236-45ff-a54a-42423dbd5927', 'outing-72e2dd29-1236-45ff-a54a-42423dbd5927-f6be66ec.jpg', 1, '2026-02-12 04:42:31.043117+00');
INSERT INTO public.outing_images (id, outing_id, image_url, sort_order, created_at) VALUES ('b0617b74-a3dd-4dae-93ff-8b6d2b8328e5', '72e2dd29-1236-45ff-a54a-42423dbd5927', 'outing-72e2dd29-1236-45ff-a54a-42423dbd5927-c1906605.jpg', 2, '2026-02-12 04:42:31.045004+00');
INSERT INTO public.outing_images (id, outing_id, image_url, sort_order, created_at) VALUES ('ed5ffc44-45c4-4992-a59b-5274eab7624d', '72e2dd29-1236-45ff-a54a-42423dbd5927', 'outing-72e2dd29-1236-45ff-a54a-42423dbd5927-35a248c6.jpg', 3, '2026-02-12 04:42:31.046567+00');
INSERT INTO public.outing_images (id, outing_id, image_url, sort_order, created_at) VALUES ('adea51bc-e312-4565-805c-37cd81e05192', '72e2dd29-1236-45ff-a54a-42423dbd5927', 'outing-72e2dd29-1236-45ff-a54a-42423dbd5927-98b3c6f4.jpg', 4, '2026-02-12 04:42:31.047994+00');
INSERT INTO public.outing_images (id, outing_id, image_url, sort_order, created_at) VALUES ('130f2796-aba9-48d7-b56d-8fdd813beed9', '72e2dd29-1236-45ff-a54a-42423dbd5927', 'outing-72e2dd29-1236-45ff-a54a-42423dbd5927-82885dfa.jpg', 5, '2026-02-12 04:42:31.049833+00');
INSERT INTO public.outing_images (id, outing_id, image_url, sort_order, created_at) VALUES ('56a25a43-1496-47ca-950c-38634e9b0911', '72e2dd29-1236-45ff-a54a-42423dbd5927', 'outing-72e2dd29-1236-45ff-a54a-42423dbd5927-ca56ac47.jpg', 6, '2026-02-12 04:42:31.051884+00');
INSERT INTO public.outing_images (id, outing_id, image_url, sort_order, created_at) VALUES ('89aa475b-04b4-4059-ab1e-4c36925d285d', '72e2dd29-1236-45ff-a54a-42423dbd5927', 'outing-72e2dd29-1236-45ff-a54a-42423dbd5927-9a46e606.jpg', 7, '2026-02-12 04:42:31.053796+00');
INSERT INTO public.outing_images (id, outing_id, image_url, sort_order, created_at) VALUES ('a663a4c8-33ec-46a8-89a2-eb27ca1f3164', '72e2dd29-1236-45ff-a54a-42423dbd5927', 'outing-72e2dd29-1236-45ff-a54a-42423dbd5927-5067af16.jpg', 8, '2026-02-12 04:42:31.055342+00');
INSERT INTO public.outing_images (id, outing_id, image_url, sort_order, created_at) VALUES ('d02ec8cd-0e62-4134-bc81-30f65eb1dc54', '72e2dd29-1236-45ff-a54a-42423dbd5927', 'outing-72e2dd29-1236-45ff-a54a-42423dbd5927-a614bb93.jpg', 9, '2026-02-12 04:42:31.056945+00');
INSERT INTO public.outing_images (id, outing_id, image_url, sort_order, created_at) VALUES ('65928bc7-1b99-4fb6-a2ac-2fd2cca12582', '72e2dd29-1236-45ff-a54a-42423dbd5927', 'outing-72e2dd29-1236-45ff-a54a-42423dbd5927-879de2c0.jpg', 10, '2026-02-12 04:42:31.058481+00');
INSERT INTO public.outing_images (id, outing_id, image_url, sort_order, created_at) VALUES ('3154e20e-c7b3-4e83-b769-c085f4005329', '72e2dd29-1236-45ff-a54a-42423dbd5927', 'outing-72e2dd29-1236-45ff-a54a-42423dbd5927-cfbaa132.jpg', 11, '2026-02-12 04:42:31.060433+00');
INSERT INTO public.outing_images (id, outing_id, image_url, sort_order, created_at) VALUES ('08e56951-784b-4b68-9364-044c8857aa37', '72e2dd29-1236-45ff-a54a-42423dbd5927', 'outing-72e2dd29-1236-45ff-a54a-42423dbd5927-f0ca0919.jpg', 12, '2026-02-12 04:42:31.062013+00');
INSERT INTO public.outing_images (id, outing_id, image_url, sort_order, created_at) VALUES ('1d6ff1e3-50c6-4c68-9a3c-f0e354b75f98', '72e2dd29-1236-45ff-a54a-42423dbd5927', 'outing-72e2dd29-1236-45ff-a54a-42423dbd5927-4ae200d1.jpg', 13, '2026-02-12 04:42:31.063463+00');
INSERT INTO public.outing_images (id, outing_id, image_url, sort_order, created_at) VALUES ('18ddc001-0b5b-4256-aceb-af7962502e38', '72e2dd29-1236-45ff-a54a-42423dbd5927', 'outing-72e2dd29-1236-45ff-a54a-42423dbd5927-6c286981.jpg', 14, '2026-02-12 04:42:31.064841+00');
INSERT INTO public.outing_images (id, outing_id, image_url, sort_order, created_at) VALUES ('c3c1a5da-b37f-4d49-99c9-900aed2bd19a', 'd4762bc4-a527-45a7-84b1-88d9cd950ae8', 'outing-d4762bc4-a527-45a7-84b1-88d9cd950ae8-5cea19cc.jpg', 0, '2026-02-12 11:39:56.732049+00');
INSERT INTO public.outing_images (id, outing_id, image_url, sort_order, created_at) VALUES ('c53fd02a-990b-4ee0-bbd9-71c17a2b525c', 'd4762bc4-a527-45a7-84b1-88d9cd950ae8', 'outing-d4762bc4-a527-45a7-84b1-88d9cd950ae8-208bea30.jpg', 1, '2026-02-12 11:39:56.73596+00');
INSERT INTO public.outing_images (id, outing_id, image_url, sort_order, created_at) VALUES ('90fb1098-0613-4482-bc4e-025bc91d80ed', 'd4762bc4-a527-45a7-84b1-88d9cd950ae8', 'outing-d4762bc4-a527-45a7-84b1-88d9cd950ae8-e88408cd.jpg', 2, '2026-02-12 11:39:56.73763+00');
INSERT INTO public.outing_images (id, outing_id, image_url, sort_order, created_at) VALUES ('67e8d0fe-3a6e-45f6-822d-598a57a99c91', 'd4762bc4-a527-45a7-84b1-88d9cd950ae8', 'outing-d4762bc4-a527-45a7-84b1-88d9cd950ae8-e66e07ee.jpg', 3, '2026-02-12 11:39:56.739284+00');
INSERT INTO public.outing_images (id, outing_id, image_url, sort_order, created_at) VALUES ('c015bc4b-0eec-455d-88e9-11c24cafc796', 'd4762bc4-a527-45a7-84b1-88d9cd950ae8', 'outing-d4762bc4-a527-45a7-84b1-88d9cd950ae8-39e3e5e1.jpg', 4, '2026-02-12 11:39:56.741058+00');
INSERT INTO public.outing_images (id, outing_id, image_url, sort_order, created_at) VALUES ('77309024-6988-4594-beaa-37d3b4b7eb63', 'd4762bc4-a527-45a7-84b1-88d9cd950ae8', 'outing-d4762bc4-a527-45a7-84b1-88d9cd950ae8-82dffc69.jpg', 5, '2026-02-12 11:39:56.742648+00');
INSERT INTO public.outing_images (id, outing_id, image_url, sort_order, created_at) VALUES ('2dc93e64-c1da-4fb9-8aff-feb20202a49c', 'd4762bc4-a527-45a7-84b1-88d9cd950ae8', 'outing-d4762bc4-a527-45a7-84b1-88d9cd950ae8-d4f7aa6a.jpg', 6, '2026-02-12 11:39:56.744366+00');
INSERT INTO public.outing_images (id, outing_id, image_url, sort_order, created_at) VALUES ('2a04f100-1756-4887-a37a-386f2b30c748', '72e2dd29-1236-45ff-a54a-42423dbd5927', 'outing-72e2dd29-1236-45ff-a54a-42423dbd5927-b5c8ecae.jpeg', 0, '2026-02-12 11:41:19.676716+00');
INSERT INTO public.outing_images (id, outing_id, image_url, sort_order, created_at) VALUES ('60b15df2-9252-4632-ab9c-564b89e3fe87', '72e2dd29-1236-45ff-a54a-42423dbd5927', 'outing-72e2dd29-1236-45ff-a54a-42423dbd5927-bfda4fb1.jpeg', 1, '2026-02-12 11:41:19.682267+00');
INSERT INTO public.outing_images (id, outing_id, image_url, sort_order, created_at) VALUES ('9bfe84dc-7d2c-4521-b7e0-ec154578b52b', '72e2dd29-1236-45ff-a54a-42423dbd5927', 'outing-72e2dd29-1236-45ff-a54a-42423dbd5927-90d1873b.jpeg', 2, '2026-02-12 11:41:19.68419+00');
INSERT INTO public.outing_images (id, outing_id, image_url, sort_order, created_at) VALUES ('3a6c04dc-0f76-4f4f-be5a-3fdd43d14189', '72e2dd29-1236-45ff-a54a-42423dbd5927', 'outing-72e2dd29-1236-45ff-a54a-42423dbd5927-1ea90495.jpeg', 3, '2026-02-12 11:41:19.685682+00');
INSERT INTO public.outing_images (id, outing_id, image_url, sort_order, created_at) VALUES ('13272acd-e934-4d1b-b73d-476b25ee08b6', '72e2dd29-1236-45ff-a54a-42423dbd5927', 'outing-72e2dd29-1236-45ff-a54a-42423dbd5927-7e4ed788.jpeg', 4, '2026-02-12 11:41:19.687179+00');
INSERT INTO public.outing_images (id, outing_id, image_url, sort_order, created_at) VALUES ('407142b8-7ec6-4846-8125-1f03d48988aa', 'edb60ce8-8885-45bd-b087-66f1352bd279', 'outing-edb60ce8-8885-45bd-b087-66f1352bd279-4749254d.jpg', 0, '2026-02-14 14:44:22.062478+00');
INSERT INTO public.outing_images (id, outing_id, image_url, sort_order, created_at) VALUES ('62fd024e-52be-4bc0-a18f-b35ffa10f9a7', 'edb60ce8-8885-45bd-b087-66f1352bd279', 'outing-edb60ce8-8885-45bd-b087-66f1352bd279-d4b22d06.jpg', 1, '2026-02-14 14:44:22.066181+00');
INSERT INTO public.outing_images (id, outing_id, image_url, sort_order, created_at) VALUES ('1c9038bc-09f5-4892-8370-4d99feaa1e83', 'edb60ce8-8885-45bd-b087-66f1352bd279', 'outing-edb60ce8-8885-45bd-b087-66f1352bd279-264211d8.jpg', 2, '2026-02-14 14:44:22.067825+00');
INSERT INTO public.outing_images (id, outing_id, image_url, sort_order, created_at) VALUES ('469728d6-8ed6-4b18-8c06-0064a2a61c29', 'edb60ce8-8885-45bd-b087-66f1352bd279', 'outing-edb60ce8-8885-45bd-b087-66f1352bd279-fc3c0d38.jpg', 3, '2026-02-14 14:44:22.0694+00');
INSERT INTO public.outing_images (id, outing_id, image_url, sort_order, created_at) VALUES ('0ca01c4f-c719-4fb1-b827-67c39c6e3caf', 'edb60ce8-8885-45bd-b087-66f1352bd279', 'outing-edb60ce8-8885-45bd-b087-66f1352bd279-1f79b4af.jpg', 4, '2026-02-14 14:44:22.070892+00');
INSERT INTO public.outing_images (id, outing_id, image_url, sort_order, created_at) VALUES ('0f355d86-e131-40e6-9806-32b6055f1312', 'edb60ce8-8885-45bd-b087-66f1352bd279', 'outing-edb60ce8-8885-45bd-b087-66f1352bd279-c8ae76d9.jpg', 5, '2026-02-14 14:44:22.072581+00');
INSERT INTO public.outing_images (id, outing_id, image_url, sort_order, created_at) VALUES ('deede5fc-064f-4a05-968a-fdacbdd67c69', 'edb60ce8-8885-45bd-b087-66f1352bd279', 'outing-edb60ce8-8885-45bd-b087-66f1352bd279-7681ac54.jpg', 6, '2026-02-14 14:44:22.074142+00');
INSERT INTO public.outing_images (id, outing_id, image_url, sort_order, created_at) VALUES ('2a240dc6-462e-4adc-8eca-95e66884ebc8', 'edb60ce8-8885-45bd-b087-66f1352bd279', 'outing-edb60ce8-8885-45bd-b087-66f1352bd279-221d8ba6.jpg', 7, '2026-02-14 14:44:22.075572+00');
INSERT INTO public.outing_images (id, outing_id, image_url, sort_order, created_at) VALUES ('bd5fdfbc-96f6-4a56-8e97-7ee45700523f', 'edb60ce8-8885-45bd-b087-66f1352bd279', 'outing-edb60ce8-8885-45bd-b087-66f1352bd279-8d39930a.jpg', 8, '2026-02-14 14:44:22.077275+00');
INSERT INTO public.outing_images (id, outing_id, image_url, sort_order, created_at) VALUES ('d80de6bf-7d83-4373-a6d6-6d0f088413f2', 'edb60ce8-8885-45bd-b087-66f1352bd279', 'outing-edb60ce8-8885-45bd-b087-66f1352bd279-13db406e.jpg', 9, '2026-02-14 14:44:22.078841+00');
INSERT INTO public.outing_images (id, outing_id, image_url, sort_order, created_at) VALUES ('20658bad-4fa3-4f0b-b60b-dc3296eae684', 'edb60ce8-8885-45bd-b087-66f1352bd279', 'outing-edb60ce8-8885-45bd-b087-66f1352bd279-8de80a38.jpg', 10, '2026-02-14 14:44:22.080382+00');
INSERT INTO public.outing_images (id, outing_id, image_url, sort_order, created_at) VALUES ('1e61d51f-723c-4c98-8184-a6c07155a2ce', 'edb60ce8-8885-45bd-b087-66f1352bd279', 'outing-edb60ce8-8885-45bd-b087-66f1352bd279-51645a32.jpg', 11, '2026-02-14 14:44:22.081834+00');
INSERT INTO public.outing_images (id, outing_id, image_url, sort_order, created_at) VALUES ('5ba0cbc5-a9c7-4292-a182-d48d00f0b33d', 'edb60ce8-8885-45bd-b087-66f1352bd279', 'outing-edb60ce8-8885-45bd-b087-66f1352bd279-8c3a4268.jpg', 12, '2026-02-14 14:44:22.083326+00');
INSERT INTO public.outing_images (id, outing_id, image_url, sort_order, created_at) VALUES ('b873c060-27cb-4b3f-9a33-3d9e5f8385e3', 'edb60ce8-8885-45bd-b087-66f1352bd279', 'outing-edb60ce8-8885-45bd-b087-66f1352bd279-cdcd0d3c.jpg', 13, '2026-02-14 14:44:22.084747+00');
INSERT INTO public.outing_images (id, outing_id, image_url, sort_order, created_at) VALUES ('e8f1ec49-88be-4605-9717-71a1b7d4d5a2', 'edb60ce8-8885-45bd-b087-66f1352bd279', 'outing-edb60ce8-8885-45bd-b087-66f1352bd279-ec17a614.jpg', 14, '2026-02-14 14:44:22.086143+00');
INSERT INTO public.outing_images (id, outing_id, image_url, sort_order, created_at) VALUES ('5c15f213-6616-4194-a2db-c96d761393c6', 'edb60ce8-8885-45bd-b087-66f1352bd279', 'outing-edb60ce8-8885-45bd-b087-66f1352bd279-c884be0e.jpg', 15, '2026-02-14 14:44:22.089867+00');
INSERT INTO public.outing_images (id, outing_id, image_url, sort_order, created_at) VALUES ('89e1364e-38ad-4a8f-b8ae-d9a4b5951c93', 'edb60ce8-8885-45bd-b087-66f1352bd279', 'outing-edb60ce8-8885-45bd-b087-66f1352bd279-10a0d382.jpg', 16, '2026-02-14 14:44:22.091728+00');
INSERT INTO public.outing_images (id, outing_id, image_url, sort_order, created_at) VALUES ('9fb46131-a576-4114-a41c-6545473dea31', 'edb60ce8-8885-45bd-b087-66f1352bd279', 'outing-edb60ce8-8885-45bd-b087-66f1352bd279-962f6c7b.jpg', 17, '2026-02-14 14:44:22.09344+00');
INSERT INTO public.outing_images (id, outing_id, image_url, sort_order, created_at) VALUES ('bc7e9783-460d-4b1d-a6dc-9f1fc5e08188', 'edb60ce8-8885-45bd-b087-66f1352bd279', 'outing-edb60ce8-8885-45bd-b087-66f1352bd279-68951291.jpg', 18, '2026-02-14 14:44:22.09494+00');
INSERT INTO public.outing_images (id, outing_id, image_url, sort_order, created_at) VALUES ('513debc7-3b68-4e4b-b6b8-2b44fc2c096c', 'edb60ce8-8885-45bd-b087-66f1352bd279', 'outing-edb60ce8-8885-45bd-b087-66f1352bd279-4cdc9955.jpg', 19, '2026-02-14 14:44:22.096431+00');
INSERT INTO public.outing_images (id, outing_id, image_url, sort_order, created_at) VALUES ('fc6adfca-a91c-4b95-99f3-e96bade077cd', 'edb60ce8-8885-45bd-b087-66f1352bd279', 'outing-edb60ce8-8885-45bd-b087-66f1352bd279-67709bc2.jpeg', 0, '2026-02-14 16:10:10.110174+00');
INSERT INTO public.outing_images (id, outing_id, image_url, sort_order, created_at) VALUES ('7b830a5c-2667-4f38-ad32-5a31deeb6c56', 'edb60ce8-8885-45bd-b087-66f1352bd279', 'outing-edb60ce8-8885-45bd-b087-66f1352bd279-d0d1af10.jpeg', 1, '2026-02-14 16:10:10.117289+00');
INSERT INTO public.outing_images (id, outing_id, image_url, sort_order, created_at) VALUES ('100f1cdd-e33f-4d65-941c-de4147571e1b', 'edb60ce8-8885-45bd-b087-66f1352bd279', 'outing-edb60ce8-8885-45bd-b087-66f1352bd279-a7304360.jpeg', 2, '2026-02-14 16:10:10.119354+00');
INSERT INTO public.outing_images (id, outing_id, image_url, sort_order, created_at) VALUES ('f55e7a09-9461-442b-91f8-69104bfa3ab3', 'edb60ce8-8885-45bd-b087-66f1352bd279', 'outing-edb60ce8-8885-45bd-b087-66f1352bd279-b6ec46d8.jpeg', 3, '2026-02-14 16:10:10.121157+00');
INSERT INTO public.outing_images (id, outing_id, image_url, sort_order, created_at) VALUES ('e1e258a4-42aa-49ea-a116-74d5f77f2859', 'edb60ce8-8885-45bd-b087-66f1352bd279', 'outing-edb60ce8-8885-45bd-b087-66f1352bd279-d8d830ee.jpeg', 4, '2026-02-14 16:10:10.12314+00');
INSERT INTO public.outing_images (id, outing_id, image_url, sort_order, created_at) VALUES ('b77825cd-1b8c-4b3f-b030-1bdd71505aef', 'edb60ce8-8885-45bd-b087-66f1352bd279', 'outing-edb60ce8-8885-45bd-b087-66f1352bd279-5ecdd779.jpeg', 5, '2026-02-14 16:10:10.124784+00');
INSERT INTO public.outing_images (id, outing_id, image_url, sort_order, created_at) VALUES ('1aa27407-7609-4312-854a-cf7b9c897593', 'edb60ce8-8885-45bd-b087-66f1352bd279', 'outing-edb60ce8-8885-45bd-b087-66f1352bd279-8d2ab1c8.jpeg', 6, '2026-02-14 16:10:10.127003+00');
INSERT INTO public.outing_images (id, outing_id, image_url, sort_order, created_at) VALUES ('6acef2d8-748f-4bd8-b0dc-5d99c019f422', 'edb60ce8-8885-45bd-b087-66f1352bd279', 'outing-edb60ce8-8885-45bd-b087-66f1352bd279-4167c067.jpeg', 7, '2026-02-14 16:10:10.128851+00');
INSERT INTO public.outing_images (id, outing_id, image_url, sort_order, created_at) VALUES ('d7d0317f-949b-4168-a286-a83f312c21e6', 'edb60ce8-8885-45bd-b087-66f1352bd279', 'outing-edb60ce8-8885-45bd-b087-66f1352bd279-a4760f36.jpeg', 8, '2026-02-14 16:10:10.130443+00');
INSERT INTO public.outing_images (id, outing_id, image_url, sort_order, created_at) VALUES ('bcc95c36-8d25-4517-98a7-9431a7266038', 'edb60ce8-8885-45bd-b087-66f1352bd279', 'outing-edb60ce8-8885-45bd-b087-66f1352bd279-60069bd2.jpeg', 9, '2026-02-14 16:10:10.132392+00');
INSERT INTO public.outing_images (id, outing_id, image_url, sort_order, created_at) VALUES ('c22e1eaf-ed11-4c10-9c40-5a90a1f46d05', 'edb60ce8-8885-45bd-b087-66f1352bd279', 'outing-edb60ce8-8885-45bd-b087-66f1352bd279-71ed7f80.jpeg', 10, '2026-02-14 16:10:10.134169+00');
INSERT INTO public.outing_images (id, outing_id, image_url, sort_order, created_at) VALUES ('77745a27-440f-4af1-bc16-1e837dd4956b', 'edb60ce8-8885-45bd-b087-66f1352bd279', 'outing-edb60ce8-8885-45bd-b087-66f1352bd279-c594a260.jpeg', 11, '2026-02-14 16:10:10.135885+00');
INSERT INTO public.outing_images (id, outing_id, image_url, sort_order, created_at) VALUES ('b60cda3a-e192-480e-b8de-187d6b8be96c', 'edb60ce8-8885-45bd-b087-66f1352bd279', 'outing-edb60ce8-8885-45bd-b087-66f1352bd279-09be3c3b.jpeg', 12, '2026-02-14 16:10:10.13771+00');
INSERT INTO public.outing_images (id, outing_id, image_url, sort_order, created_at) VALUES ('7b6fb2fb-4b31-4276-8c71-6255494e4106', 'edb60ce8-8885-45bd-b087-66f1352bd279', 'outing-edb60ce8-8885-45bd-b087-66f1352bd279-c8985d16.jpeg', 13, '2026-02-14 16:10:10.139283+00');
INSERT INTO public.outing_images (id, outing_id, image_url, sort_order, created_at) VALUES ('f12292eb-0193-4be2-a22b-c42a1c4cf750', 'baf64c87-ae8e-4981-b048-d64cf4f9b969', 'outing-baf64c87-ae8e-4981-b048-d64cf4f9b969-1c25fbfe.jpg', 0, '2026-02-26 13:10:29.098405+00');
INSERT INTO public.outing_images (id, outing_id, image_url, sort_order, created_at) VALUES ('2e87a93a-653e-4c8c-95d8-0937ef5a86a9', 'baf64c87-ae8e-4981-b048-d64cf4f9b969', 'outing-baf64c87-ae8e-4981-b048-d64cf4f9b969-3589e8fa.jpg', 1, '2026-02-26 13:10:29.10556+00');
INSERT INTO public.outing_images (id, outing_id, image_url, sort_order, created_at) VALUES ('c0d8c8b4-f466-4e6e-b42e-1a53bb2ccc80', 'baf64c87-ae8e-4981-b048-d64cf4f9b969', 'outing-baf64c87-ae8e-4981-b048-d64cf4f9b969-f4ccd713.jpg', 2, '2026-02-26 13:10:29.107865+00');
INSERT INTO public.outing_images (id, outing_id, image_url, sort_order, created_at) VALUES ('4560a56d-e4a7-4c36-bcfe-afaae09a2ed2', 'baf64c87-ae8e-4981-b048-d64cf4f9b969', 'outing-baf64c87-ae8e-4981-b048-d64cf4f9b969-552fc65a.jpg', 3, '2026-02-26 13:10:29.111104+00');
INSERT INTO public.outing_images (id, outing_id, image_url, sort_order, created_at) VALUES ('706d018b-0856-44ca-bc9f-e9c0dcc3c95e', 'baf64c87-ae8e-4981-b048-d64cf4f9b969', 'outing-baf64c87-ae8e-4981-b048-d64cf4f9b969-0385aea1.jpg', 4, '2026-02-26 13:10:29.114441+00');
INSERT INTO public.outing_images (id, outing_id, image_url, sort_order, created_at) VALUES ('e5383df4-bcf1-466f-aeb4-bbc25a9bb292', 'baf64c87-ae8e-4981-b048-d64cf4f9b969', 'outing-baf64c87-ae8e-4981-b048-d64cf4f9b969-cd08a188.jpg', 5, '2026-02-26 13:10:29.116338+00');
INSERT INTO public.outing_images (id, outing_id, image_url, sort_order, created_at) VALUES ('925321b8-4d0f-48c9-8525-6471bbca54df', 'baf64c87-ae8e-4981-b048-d64cf4f9b969', 'outing-baf64c87-ae8e-4981-b048-d64cf4f9b969-c5cc392e.jpg', 6, '2026-02-26 13:10:29.118672+00');
INSERT INTO public.outing_images (id, outing_id, image_url, sort_order, created_at) VALUES ('69262840-4e19-41f8-8092-707fb7d0f37b', 'baf64c87-ae8e-4981-b048-d64cf4f9b969', 'outing-baf64c87-ae8e-4981-b048-d64cf4f9b969-5a43ae3d.jpg', 7, '2026-02-26 13:10:29.121417+00');
INSERT INTO public.outing_images (id, outing_id, image_url, sort_order, created_at) VALUES ('ac328672-9f8c-4913-9df4-e1107405b27e', 'baf64c87-ae8e-4981-b048-d64cf4f9b969', 'outing-baf64c87-ae8e-4981-b048-d64cf4f9b969-7fcd136d.jpg', 8, '2026-02-26 13:10:29.12361+00');
INSERT INTO public.outing_images (id, outing_id, image_url, sort_order, created_at) VALUES ('1f5a5f6d-e66c-4678-85b4-f1ae379ed61e', 'baf64c87-ae8e-4981-b048-d64cf4f9b969', 'outing-baf64c87-ae8e-4981-b048-d64cf4f9b969-8719dd4b.jpg', 9, '2026-02-26 13:10:29.125484+00');
INSERT INTO public.outing_images (id, outing_id, image_url, sort_order, created_at) VALUES ('e168d0e6-572b-46d8-8a04-7f136c4e1bab', 'baf64c87-ae8e-4981-b048-d64cf4f9b969', 'outing-baf64c87-ae8e-4981-b048-d64cf4f9b969-13860db8.jpg', 10, '2026-02-26 13:10:29.127229+00');
INSERT INTO public.outing_images (id, outing_id, image_url, sort_order, created_at) VALUES ('855ef7d3-0973-40a4-90b5-f7dd397e7f93', 'baf64c87-ae8e-4981-b048-d64cf4f9b969', 'outing-baf64c87-ae8e-4981-b048-d64cf4f9b969-2836945f.jpg', 11, '2026-02-26 13:10:29.129085+00');

